{
  "months": ["2024-01", "2024-02", "2024-03", "2024-04", "2024-05", "2024-06", "2024-07", "2024-08", "2024-09", "2024-10", "2024-11", "2024-12"],
  "江苏省": [67.110101, 56.806656, 70.471451, 65.955095, 67.297318, 66.296920, 70.858085, 75.435532, 68.754308, 63.290999, 65.398292, 67.960003],
  "上海市": [10.804960, 9.120463, 11.328272, 10.201683, 10.008102, 9.360066, 11.628698, 12.489126, 11.704347, 10.303603, 10.199380, 11.501744],
  "浙江省": [30.164235, 25.486159, 35.231159, 31.918143, 32.638027, 29.481899, 35.780599, 36.570167, 34.925943, 32.412830, 31.958892, 35.064282]
}